{"cameraMode":{"drawMode":0,"name":"Shaded","section":"Shading Mode"},"sceneLighting":true,"audioPlay":false,"sceneViewState":{"m_AlwaysRefresh":false,"showFog":true,"showSkybox":true,"showFlares":true,"showImageEffects":true,"showParticleSystems":true,"showVisualEffectGraphs":true,"m_FxEnabled":true},"in2DMode":false,"pivot":{"x":0.953973650932312,"y":-1.8768746852874756,"z":7.225601673126221},"rotation":{"x":-0.033819716423749927,"y":0.43116316199302676,"z":0.016181088984012605,"w":0.9015264511108398},"size":8.767114639282227,"orthographic":false}